시군구명,법정동명,법정동코드,LDRI_raw,점수,총점
영등포구,양평동2가,1156012600,0.521384,0,0.521384
종로구,숭인동,1111017500,0.494563,0,0.494563
서대문구,대신동,1141011300,0.4819,0,0.4819
용산구,동자동,1117010700,0.459823,0,0.459823
종로구,신문로2가,1111012100,0.450981,0,0.450981
마포구,마포동,1144010700,0.445244,0,0.445244
서대문구,신촌동,1141011400,0.438299,0,0.438299
성동구,용답동,1120012200,0.433759,0,0.433759
성북구,동선동3가,1129011800,0.415714,0,0.415714
서대문구,창천동,1141011600,0.392039,0.0001,0.392009
영등포구,영등포동8가,1156010900,0.386273,0,0.386273
마포구,현석동,1144011200,0.385239,0.0121,0.381609
성북구,동선동2가,1129011700,0.379308,0,0.379308
용산구,용산동3가,1117012600,0.359346,0,0.359346
영등포구,양평동1가,1156012500,0.356521,0,0.356521
성북구,삼선동1가,1129011100,0.35343,0,0.35343
종로구,관수동,1111015500,0.352313,0,0.352313
성북구,안암동1가,1129012100,0.350987,0,0.350987
영등포구,영등포동7가,1156010800,0.347892,0,0.347892
영등포구,영등포동6가,1156010700,0.346918,0,0.346918
마포구,동교동,1144012100,0.346473,0,0.346473
영등포구,영등포동4가,1156010500,0.343615,0,0.343615
용산구,남영동,1117010500,0.342661,0,0.342661
성북구,안암동3가,1129012300,0.338742,0,0.338742
용산구,청파동1가,1117010900,0.328477,0,0.328477
광진구,군자동,1121510900,0.324798,0,0.324798
중구,장충동1가,1114014300,0.323935,0,0.323935
성동구,사근동,1120010600,0.322843,0,0.322843
마포구,노고산동,1144011000,0.322999,0.0012,0.322639
성북구,안암동5가,1129012500,0.322262,0,0.322262
금천구,가산동,1154510100,0.321866,0.0012,0.321506
영등포구,영등포동,1156010100,0.325621,0.0195,0.319771
용산구,갈월동,1117010400,0.317109,0.0046,0.315729
용산구,한강로2가,1117012500,0.312425,0,0.312425
중구,장충동2가,1114014400,0.312349,0,0.312349
중구,회현동1가,1114012100,0.311196,0,0.311196
중구,쌍림동,1114014700,0.310411,0,0.310411
영등포구,영등포동2가,1156010300,0.308103,0,0.308103
구로구,가리봉동,1153010300,0.306953,0,0.306953
용산구,청파동2가,1117011000,0.305698,0,0.305698
동작구,노량진동,1159010100,0.332628,0.0929,0.304758
서대문구,옥천동,1141010700,0.303809,0,0.303809
종로구,동숭동,1111016800,0.302061,0,0.302061
용산구,원효로2가,1117011300,0.298007,0,0.298007
용산구,서계동,1117010800,0.299967,0.0103,0.296877
영등포구,영등포동3가,1156010400,0.29584,0,0.29584
용산구,한남동,1117013100,0.295328,0,0.295328
영등포구,도림동,1156011800,0.298158,0.0151,0.293628
강서구,등촌동,1150010200,0.293365,0.0115,0.289915
성동구,송정동,1120011800,0.293021,0.0153,0.288431
중구,예장동,1114014200,0.288133,0,0.288133
용산구,청파동3가,1117011100,0.287248,0,0.287248
성북구,삼선동3가,1129011300,0.285073,0,0.285073
영등포구,당산동1가,1156011100,0.283347,0,0.283347
용산구,용산동2가,1117010200,0.282942,0,0.282942
광진구,화양동,1121510700,0.282479,0.0044,0.281159
용산구,원효로1가,1117011200,0.288226,0.0273,0.280036
영등포구,영등포동5가,1156010600,0.278943,0,0.278943
동대문구,용두동,1123010200,0.300378,0.0725,0.278628
동대문구,회기동,1123010800,0.278278,0,0.278278
영등포구,영등포동1가,1156010200,0.275149,0,0.275149
서대문구,대현동,1141011200,0.275142,0,0.275142
성북구,동소문동7가,1129011000,0.273817,0.0006,0.273637
마포구,서교동,1144012000,0.279437,0.0255,0.271787
동대문구,청량리동,1123010700,0.291311,0.0704,0.270191
종로구,혜화동,1111016900,0.264774,0,0.264774
영등포구,양평동6가,1156013000,0.262268,0,0.262268
용산구,이태원동,1117013000,0.257716,0,0.257716
종로구,옥인동,1111011100,0.257549,0,0.257549
마포구,합정동,1144012200,0.25683,0,0.25683
강북구,번동,1130510200,0.254829,0,0.254829
중구,필동3가,1114013900,0.253209,0,0.253209
은평구,대조동,1138010600,0.260247,0.0322,0.250587
송파구,석촌동,1171010500,0.249307,0,0.249307
용산구,보광동,1117013600,0.248096,0,0.248096
용산구,용문동,1117012100,0.24779,0,0.24779
용산구,후암동,1117010100,0.247771,0,0.247771
성북구,삼선동4가,1129011400,0.247572,0,0.247572
영등포구,당산동4가,1156011400,0.24713,0,0.24713
마포구,대흥동,1144010800,0.252067,0.0175,0.246817
마포구,도화동,1144010400,0.268602,0.0735,0.246552
중랑구,중화동,1126010300,0.250849,0.0175,0.245599
종로구,명륜3가,1111017300,0.244851,0,0.244851
영등포구,당산동6가,1156011600,0.243753,0.0014,0.243333
송파구,삼전동,1171010600,0.242947,0,0.242947
성동구,성수동2가,1120011500,0.242933,0,0.242933
중랑구,망우동,1126010500,0.242852,0,0.242852
동대문구,이문동,1123011000,0.295785,0.1784,0.242265
영등포구,양평동5가,1156012900,0.240859,0,0.240859
용산구,서빙고동,1117013300,0.239886,0,0.239886
서대문구,충정로3가,1141010200,0.239519,0,0.239519
종로구,이화동,1111016500,0.238043,0,0.238043
관악구,남현동,1162010300,0.237731,0,0.237731
동작구,동작동,1159010600,0.237487,0,0.237487
서대문구,천연동,1141010600,0.237413,0,0.237413
종로구,홍지동,1111018500,0.235956,0,0.235956
금천구,독산동,1154510200,0.240833,0.0168,0.235793
종로구,연건동,1111016600,0.234489,0,0.234489
영등포구,당산동,1156011700,0.24291,0.0341,0.23268
종로구,창신동,1111017400,0.231301,0.0014,0.230881
성북구,성북동,1129010100,0.230782,0,0.230782
용산구,신계동,1117012300,0.234236,0.0154,0.229616
중구,무학동,1114016400,0.229211,0,0.229211
중구,필동2가,1114013800,0.227676,0,0.227676
종로구,충신동,1111016700,0.228319,0.0022,0.227659
영등포구,당산동3가,1156011300,0.227539,0,0.227539
강남구,논현동,1168010800,0.231302,0.0145,0.226952
성동구,금호동2가,1120011000,0.24089,0.0466,0.22691
종로구,통인동,1111010800,0.226883,0,0.226883
광진구,능동,1121510200,0.22642,0,0.22642
성북구,동선동1가,1129011600,0.226318,0,0.226318
광진구,중곡동,1121510100,0.231312,0.017,0.226212
중구,황학동,1114016500,0.23535,0.031,0.22605
마포구,연남동,1144012400,0.226541,0.0026,0.225761
성북구,삼선동5가,1129011500,0.224275,0,0.224275
종로구,청운동,1111010100,0.223666,0,0.223666
성북구,동소문동4가,1129010700,0.223385,0,0.223385
마포구,중동,1144012600,0.222853,0,0.222853
동대문구,제기동,1123010300,0.232035,0.0359,0.221265
관악구,신림동,1162010200,0.276234,0.184,0.221034
마포구,토정동,1144010600,0.221015,0,0.221015
용산구,원효로3가,1117011700,0.220465,0,0.220465
동작구,사당동,1159010700,0.225638,0.0239,0.218468
마포구,당인동,1144011800,0.218224,0,0.218224
용산구,신창동,1117011400,0.216723,0,0.216723
구로구,오류동,1153010800,0.234228,0.0607,0.216018
중구,을지로6가,1114014800,0.216254,0.0018,0.215714
용산구,동빙고동,1117013200,0.214259,0,0.214259
성북구,성북동1가,1129010200,0.214089,0,0.214089
서초구,양재동,1165010200,0.231279,0.0575,0.214029
은평구,수색동,1138010100,0.252342,0.1323,0.212652
중구,묵정동,1114013600,0.212453,0,0.212453
성북구,보문동5가,1129012700,0.212395,0,0.212395
송파구,마천동,1171011400,0.249758,0.1247,0.212348
송파구,방이동,1171011100,0.212078,0,0.212078
용산구,효창동,1117011900,0.215364,0.0128,0.211524
서대문구,연희동,1141011700,0.212227,0.0034,0.211207
마포구,구수동,1144011300,0.210592,0,0.210592
마포구,망원동,1144012300,0.209563,0.0005,0.209413
성북구,보문동1가,1129013000,0.209235,0,0.209235
용산구,산천동,1117011500,0.219053,0.0335,0.209003
마포구,신공덕동,1144010300,0.222135,0.0443,0.208845
강남구,역삼동,1168010100,0.214442,0.0191,0.208712
성북구,동소문동6가,1129010900,0.208237,0,0.208237
종로구,명륜1가,1111017000,0.207704,0,0.207704
성북구,삼선동2가,1129011200,0.207251,0,0.207251
성동구,도선동,1120010400,0.206946,0,0.206946
구로구,고척동,1153010600,0.208852,0.0117,0.205342
성북구,안암동4가,1129012400,0.204927,0,0.204927
동작구,본동,1159010400,0.215992,0.0371,0.204862
강동구,천호동,1174010900,0.22744,0.078,0.20404
광진구,구의동,1121510300,0.206236,0.0084,0.203716
성북구,상월곡동,1129013700,0.21052,0.0256,0.20284
중랑구,면목동,1126010100,0.235509,0.1103,0.202419
마포구,염리동,1144010900,0.202138,0,0.202138
성동구,금호동3가,1120011100,0.204318,0.0075,0.202068
용산구,한강로1가,1117012400,0.218696,0.0569,0.201626
종로구,명륜4가,1111017200,0.20147,0,0.20147
은평구,불광동,1138010300,0.22535,0.08,0.20135
마포구,신수동,1144011100,0.227894,0.0907,0.200684
성동구,성수동1가,1120011400,0.199898,0,0.199898
용산구,한강로3가,1117012800,0.199779,0,0.199779
강동구,성내동,1174010800,0.2105,0.0358,0.19976
용산구,원효로4가,1117011800,0.19958,0,0.19958
영등포구,양평동4가,1156012800,0.199032,0,0.199032
은평구,역촌동,1138010800,0.201011,0.0072,0.198851
강북구,우이동,1130510400,0.197982,0,0.197982
은평구,갈현동,1138010400,0.199386,0.0051,0.197856
동작구,신대방동,1159010900,0.210915,0.0436,0.197835
중구,광희동2가,1114014600,0.1975,0,0.1975
은평구,녹번동,1138010200,0.211423,0.0551,0.194893
중구,중림동,1114017100,0.204397,0.0328,0.194557
성북구,동선동5가,1129012000,0.19385,0,0.19385
종로구,홍파동,1111017900,0.19347,0,0.19347
마포구,공덕동,1144010200,0.214052,0.0687,0.193442
성북구,하월곡동,1129013600,0.222502,0.0975,0.193252
동작구,상도1동,1159010300,0.192315,0,0.192315
은평구,증산동,1138011000,0.198772,0.0218,0.192232
송파구,송파동,1171010400,0.192299,0.0021,0.191669
강서구,염창동,1150010100,0.191341,0,0.191341
중랑구,상봉동,1126010200,0.237636,0.1583,0.190146
도봉구,쌍문동,1132010500,0.19395,0.0161,0.18912
서대문구,충정로2가,1141010100,0.18824,0,0.18824
마포구,성산동,1144012500,0.238261,0.1693,0.187471
도봉구,창동,1132010700,0.188473,0.0046,0.187093
성북구,석관동,1129013900,0.194404,0.025,0.186904
강서구,화곡동,1150010300,0.189754,0.0115,0.186304
성북구,장위동,1129013800,0.230604,0.1478,0.186264
동작구,대방동,1159010800,0.187164,0.0035,0.186114
성북구,종암동,1129013500,0.218044,0.1065,0.186094
영등포구,신길동,1156013200,0.244022,0.1933,0.186032
종로구,신영동,1111018600,0.184401,0,0.184401
종로구,내수동,1111011800,0.1842,0,0.1842
성북구,보문동7가,1129012900,0.183661,0,0.183661
동대문구,장안동,1123010600,0.188162,0.0158,0.183422
강동구,길동,1174010500,0.19237,0.0307,0.18316
영등포구,양평동3가,1156012700,0.183049,0,0.183049
강남구,청담동,1168010400,0.182308,0.0017,0.181798
광진구,자양동,1121510500,0.210133,0.0971,0.181003
종로구,누상동,1111010900,0.179742,0,0.179742
강남구,세곡동,1168011100,0.222787,0.144,0.179587
강북구,수유동,1130510300,0.184365,0.0191,0.178635
구로구,온수동,1153011000,0.180091,0.005,0.178591
노원구,하계동,1135010400,0.219752,0.1395,0.177902
구로구,구로동,1153010200,0.190014,0.0417,0.177504
성북구,보문동6가,1129012800,0.184249,0.0332,0.174289
강서구,공항동,1150010800,0.174002,0,0.174002
성동구,마장동,1120010500,0.188157,0.0485,0.173607
영등포구,대림동,1156013300,0.174283,0.0062,0.172423
마포구,상수동,1144011500,0.176664,0.0176,0.171384
중구,만리동1가,1114017300,0.171216,0,0.171216
성북구,돈암동,1129010300,0.229591,0.196,0.170791
마포구,용강동,1144010500,0.169475,0,0.169475
성북구,동소문동1가,1129010400,0.168338,0.0009,0.168068
용산구,주성동,1117013400,0.166585,0,0.166585
종로구,체부동,1111011200,0.166542,0,0.166542
성북구,동선동4가,1129011900,0.165529,0,0.165529
동대문구,신설동,1123010100,0.165491,0,0.165491
은평구,구산동,1138010500,0.170194,0.016,0.165394
종로구,효자동,1111010400,0.164935,0,0.164935
서대문구,홍은동,1141011800,0.181433,0.0562,0.164573
마포구,창전동,1144011400,0.174831,0.0351,0.164301
종로구,필운동,1111011300,0.16422,0,0.16422
은평구,신사동,1138010900,0.163925,0,0.163925
종로구,행촌동,1111018100,0.177395,0.0459,0.163625
서초구,방배동,1165010100,0.169585,0.0199,0.163615
종로구,원서동,1111014900,0.162769,0,0.162769
강동구,암사동,1174010700,0.166644,0.0135,0.162594
구로구,궁동,1153010900,0.162144,0,0.162144
종로구,사직동,1111011500,0.160664,0,0.160664
송파구,풍납동,1171010300,0.16296,0.0094,0.16014
도봉구,방학동,1132010600,0.160187,0.0006,0.160007
강남구,삼성동,1168010500,0.159884,0,0.159884
금천구,시흥동,1154510300,0.214756,0.1834,0.159736
종로구,신교동,1111010200,0.157372,0,0.157372
중랑구,묵동,1126010400,0.160861,0.0184,0.155341
용산구,문배동,1117012200,0.15504,0,0.15504
구로구,신도림동,1153010100,0.157044,0.0068,0.155004
종로구,계동,1111014800,0.154794,0,0.154794
종로구,명륜2가,1111017100,0.15428,0,0.15428
동작구,흑석동,1159010500,0.187106,0.1104,0.153986
동작구,상도동,1159010200,0.216248,0.212,0.152648
서대문구,홍제동,1141011100,0.187967,0.1206,0.151787
영등포구,당산동2가,1156011200,0.151085,0,0.151085
서대문구,남가좌동,1141012000,0.205364,0.185,0.149864
서초구,신원동,1165011100,0.149071,0,0.149071
강서구,외발산동,1150010700,0.148879,0,0.148879
성동구,하왕십리동,1120010200,0.202411,0.1796,0.148531
서대문구,북가좌동,1141011900,0.175909,0.0914,0.148489
서초구,서초동,1165010800,0.16901,0.0712,0.14765
송파구,오금동,1171011200,0.178353,0.1059,0.146583
종로구,부암동,1111018400,0.144765,0,0.144765
동대문구,전농동,1123010400,0.19754,0.1793,0.14375
양천구,신월동,1147010300,0.1673,0.0789,0.14363
성북구,정릉동,1129013300,0.161455,0.0595,0.143605
성동구,응봉동,1120010800,0.142914,0,0.142914
도봉구,도봉동,1132010800,0.164532,0.0722,0.142872
성동구,옥수동,1120011300,0.179449,0.1288,0.140809
중구,만리동2가,1114017400,0.147696,0.0237,0.140586
서대문구,냉천동,1141010500,0.14394,0.018,0.13854
강동구,고덕동,1174010200,0.174694,0.1222,0.138034
송파구,잠실동,1171010100,0.140845,0.0146,0.136465
동대문구,답십리동,1123010500,0.203357,0.2233,0.136367
구로구,개봉동,1153010700,0.147826,0.0409,0.135556
종로구,구기동,1111018200,0.135455,0,0.135455
성북구,길음동,1129013400,0.205455,0.2335,0.135405
영등포구,문래동3가,1156012100,0.135212,0,0.135212
서대문구,북아현동,1141011000,0.156375,0.0715,0.134925
영등포구,문래동1가,1156011900,0.134055,0.002,0.133455
강남구,대치동,1168010600,0.134548,0.0072,0.132388
성동구,금호동4가,1120011200,0.150692,0.0679,0.130322
종로구,가회동,1111014600,0.130158,0,0.130158
중구,신당동,1114016200,0.228457,0.3336,0.128377
강동구,둔촌동,1174010600,0.157066,0.097,0.127966
성동구,금호동1가,1120010900,0.165408,0.1253,0.127818
종로구,평창동,1111018300,0.127557,0,0.127557
성동구,홍익동,1120010300,0.127186,0,0.127186
노원구,공릉동,1135010300,0.191465,0.2146,0.127085
은평구,응암동,1138010700,0.172643,0.1525,0.126893
용산구,이촌동,1117012900,0.126726,0,0.126726
종로구,누하동,1111011000,0.124481,0,0.124481
성북구,안암동2가,1129012200,0.122796,0,0.122796
용산구,도원동,1117012000,0.137229,0.0494,0.122409
강동구,명일동,1174010100,0.124698,0.0143,0.120408
광진구,광장동,1121510400,0.119809,0,0.119809
강남구,자곡동,1168011200,0.160456,0.1417,0.117946
성동구,행당동,1120010700,0.184629,0.2264,0.116709
양천구,목동,1147010200,0.133771,0.057,0.116671
강남구,신사동,1168010700,0.116939,0.0043,0.115649
강남구,일원동,1168011400,0.185018,0.2396,0.113138
송파구,가락동,1171010700,0.151332,0.13,0.112332
노원구,월계동,1135010200,0.205971,0.3262,0.108111
서대문구,영천동,1141010800,0.10744,0,0.10744
동대문구,휘경동,1123010900,0.12986,0.0817,0.10535
관악구,봉천동,1162010100,0.2733,0.5619,0.10473
성북구,보문동3가,1129013200,0.103202,0,0.103202
서초구,잠원동,1165010600,0.119085,0.0546,0.102705
서초구,우면동,1165010300,0.167267,0.2178,0.101927
성북구,보문동4가,1129012600,0.098787,0,0.098787
강남구,도곡동,1168011800,0.098729,0.0083,0.096239
종로구,창성동,1111010500,0.092349,0,0.092349
서초구,반포동,1165010700,0.133043,0.1364,0.092123
강북구,미아동,1130510100,0.198777,0.3557,0.092067
송파구,거여동,1171011300,0.179818,0.2995,0.089968
마포구,아현동,1144010100,0.149336,0.2005,0.089186
구로구,항동,1153011200,0.145302,0.1904,0.088182
강서구,가양동,1150010400,0.272916,0.626,0.085116
강서구,마곡동,1150010500,0.244406,0.5361,0.083576
종로구,안국동,1111014100,0.082754,0,0.082754
서초구,염곡동,1165011000,0.082009,0,0.082009
노원구,상계동,1135010500,0.181328,0.3332,0.081368
강남구,율현동,1168011300,0.090301,0.0402,0.078241
강서구,방화동,1150010900,0.192676,0.3824,0.077956
마포구,상암동,1144012700,0.186792,0.3729,0.074922
강남구,개포동,1168010300,0.141671,0.237,0.070571
성북구,보문동2가,1129013100,0.06955,0,0.06955
종로구,연지동,1111016000,0.068465,0,0.068465
강서구,내발산동,1150010600,0.158525,0.3023,0.067835
종로구,운니동,1111013200,0.06304,0,0.06304
마포구,하중동,1144011600,0.060331,0,0.060331
서초구,내곡동,1165010900,0.086196,0.0995,0.056346
종로구,무악동,1111018700,0.070426,0.0509,0.055156
송파구,문정동,1171010800,0.195764,0.4897,0.048854
중랑구,신내동,1126010600,0.19635,0.5095,0.0435
중구,남산동2가,1114012900,0.035697,0,0.035697
노원구,중계동,1135010600,0.176777,0.5043,0.025487
강동구,상일동,1174010300,0.146408,0.4257,0.018698
중구,회현동2가,1114012200,0,0,0
구로구,천왕동,1153011100,0.095033,0.4641,-0.044197
은평구,진관동,1138011400,0.102188,0.6294,-0.086632
양천구,신정동,1147010100,0.160193,1,-0.139807
종로구,청진동,1111012200,,0,
종로구,경운동,1111013400,,0,
종로구,관철동,1111013500,,0,
종로구,낙원동,1111013700,,0,
종로구,원남동,1111015900,,0,
종로구,종로3가,1111015600,,0,
종로구,인의동,1111015700,,0,
종로구,권농동,1111013100,,0,
종로구,익선동,1111013300,,0,
종로구,돈의동,1111015300,,0,
종로구,견지동,1111012900,,0,
종로구,예지동,1111015800,,0,
종로구,수송동,1111012400,,0,
종로구,봉익동,1111015200,,0,
종로구,종로1가,1111012600,,0,
종로구,인사동,1111013600,,0,
종로구,장사동,1111015400,,0,
서대문구,봉원동,1141011500,,0,
종로구,관훈동,1111012800,,0,
종로구,묘동,1111015100,,0,
종로구,종로2가,1111013800,,0,
종로구,종로4가,1111016100,,0,
중구,입정동,1114015600,,0,
종로구,와룡동,1111013000,,0,
중구,을지로5가,1114015100,,0,
중구,인현동2가,1114013400,,0,
중구,주교동,1114015200,,0,
중구,오장동,1114015400,,0,
중구,을지로4가,1114015000,,0,
중구,광희동1가,1114014500,,0,
중구,저동2가,1114016100,,0,
강남구,수서동,1168011500,,0.1467,
중구,산림동,1114015700,,0,
중구,을지로3가,1114015500,,0,
중구,초동,1114015900,,0,
종로구,종로6가,1111016400,,0,
종로구,종로5가,1111016300,,0,
종로구,효제동,1111016200,,0,
중구,방산동,1114015300,,0,
중구,인현동1가,1114016000,,0,
중구,충무로4가,1114013200,,0,
중구,충무로5가,1114013300,,0,
중구,을지로7가,1114014900,,0,
중구,흥인동,1114016300,,0,
중구,남창동,1114011200,,0,
중구,남대문로5가,1114011800,,0,
중구,충무로3가,1114015800,,0,
중구,필동1가,1114013700,,0,
강서구,개화동,1150011000,,0.0291,
중구,예관동,1114013500,,0,
중구,남학동,1114014000,,0,
중구,순화동,1114016800,,0,
중구,주자동,1114014100,,0,
성북구,동소문동5가,1129010800,,0,
성북구,동소문동2가,1129010500,,0,
영등포구,당산동5가,1156011500,,0,
서초구,원지동,1165010400,,0,
서대문구,합동,1141010300,,0,
용산구,용산동5가,1117012700,,0,
중구,정동,1114016700,,0,
중구,의주로1가,1114016900,,0,
서대문구,미근동,1141010400,,0,
중구,봉래동1가,1114011900,,0,
중구,북창동,1114011300,,0,
성동구,상왕십리동,1120010100,,0.0194,
성북구,동소문동3가,1129010600,,0,
중구,태평로2가,1114011400,,0,
용산구,청암동,1117011600,,0,
중구,명동2가,1114012700,,0,
마포구,신정동,1144011700,,0,
종로구,중학동,1111012500,,0,
서대문구,현저동,1141010900,,0.0556,
중구,충무로2가,1114012500,,0,
중구,서소문동,1114016600,,0,
강동구,강일동,1174011000,,0.8002,
중구,회현동3가,1114012300,,0,
중구,남산동3가,1114013000,,0,
종로구,당주동,1111011700,,0,
종로구,통의동,1111010600,,0,
중구,남산동1가,1114012800,,0,
송파구,장지동,1171010900,,0,
종로구,평동,1111017700,,0,
종로구,삼청동,1111014000,,0,
종로구,교북동,1111018000,,0,
종로구,송월동,1111017800,,0,
종로구,팔판동,1111013900,,0,
종로구,교남동,1111017600,,0,
중구,을지로2가,1114010500,,0,
종로구,화동,1111014300,,0,
종로구,재동,1111014700,,0,
종로구,신문로1가,1111012000,,0,
종로구,내자동,1111011400,,0,
종로구,사간동,1111014400,,0,
종로구,소격동,1111014200,,0,
종로구,궁정동,1111010300,,0,
중구,저동1가,1114013100,,0,
종로구,적선동,1111010700,,0,
중구,다동,1114010200,,0,
영등포구,문래동6가,1156012400,,0,
영등포구,문래동5가,1156012300,,0,
영등포구,문래동4가,1156012200,,0,
영등포구,문래동2가,1156012000,,0,
중구,의주로2가,1114017200,,0,
영등포구,여의도동,1156011000,,0,
중구,남대문로3가,1114011600,,0,
강남구,압구정동,1168011000,,0,
중구,남대문로4가,1114011700,,0,
중구,충무로1가,1114012400,,0,
송파구,신천동,1171010200,,0,
중구,봉래동2가,1114012000,,0.0167,
영등포구,양화동,1156013100,,0,
중구,남대문로1가,1114010600,,0,
종로구,세종로,1111011900,,0,
종로구,서린동,1111012300,,0,
종로구,공평동,1111012700,,0,
강서구,과해동,1150011100,,0.0018,
용산구,용산동1가,1117010600,,0,
강서구,오곡동,1150011200,,0,
강서구,오쇠동,1150011300,,0,
영등포구,양평동,1156013400,,0.0073,
종로구,송현동,1111014500,,0,
중구,남대문로2가,1114011500,,0,
용산구,용산동6가,1117013500,,0,
중구,소공동,1114011100,,0,
중구,수표동,1114011000,,0,
종로구,훈정동,1111015000,,0,
중구,충정로1가,1114017000,,0,
용산구,용산동4가,1117010300,,0,
중구,장교동,1114010900,,0,
중구,수하동,1114010800,,0,
중구,무교동,1114010100,,0,
중구,태평로1가,1114010300,,0,
중구,을지로1가,1114010400,,0,
종로구,도렴동,1111011600,,0,
중구,삼각동,1114010700,,0,
중구,명동1가,1114012600,,0,
